{
    "loss": 0.3671479821205139,
    "accuracy": 0.9049999713897705
}